date,genre,actual_streams,predicted_streams_best_ma,model_name_extracted,source_file,predicted_streams_prophet_best,actual_streams_total,predicted_streams_total,predicted_streams_naive,predicted_streams_sarima,predicted_streams_RF_tscv_tuned,predicted_streams_LGBM_tuned_ts_cv
2025-02-02,pop,839163353.0,849992185.5,MovingAverage,BEST_genre_ma4_predictions_top10_test8.csv,,,,,,,
2025-02-09,pop,902739739.0,849992185.5,MovingAverage,BEST_genre_ma4_predictions_top10_test8.csv,,,,,,,
2025-02-16,pop,930547641.0,849992185.5,MovingAverage,BEST_genre_ma4_predictions_top10_test8.csv,,,,,,,
2025-02-23,pop,932557785.0,849992185.5,MovingAverage,BEST_genre_ma4_predictions_top10_test8.csv,,,,,,,
2025-03-02,pop,1023973601.0,849992185.5,MovingAverage,BEST_genre_ma4_predictions_top10_test8.csv,,,,,,,
2025-03-09,pop,965155242.0,849992185.5,MovingAverage,BEST_genre_ma4_predictions_top10_test8.csv,,,,,,,
2025-03-16,pop,1045295348.0,849992185.5,MovingAverage,BEST_genre_ma4_predictions_top10_test8.csv,,,,,,,
2025-03-23,pop,811728572.0,849992185.5,MovingAverage,BEST_genre_ma4_predictions_top10_test8.csv,,,,,,,
2025-02-02,rap_hip_hop,392124803.0,349458532.75,MovingAverage,BEST_genre_ma4_predictions_top10_test8.csv,,,,,,,
2025-02-09,rap_hip_hop,391671514.0,349458532.75,MovingAverage,BEST_genre_ma4_predictions_top10_test8.csv,,,,,,,
2025-02-16,rap_hip_hop,592971788.0,349458532.75,MovingAverage,BEST_genre_ma4_predictions_top10_test8.csv,,,,,,,
2025-02-23,rap_hip_hop,597474438.0,349458532.75,MovingAverage,BEST_genre_ma4_predictions_top10_test8.csv,,,,,,,
2025-03-02,rap_hip_hop,492099395.0,349458532.75,MovingAverage,BEST_genre_ma4_predictions_top10_test8.csv,,,,,,,
2025-03-09,rap_hip_hop,460819589.0,349458532.75,MovingAverage,BEST_genre_ma4_predictions_top10_test8.csv,,,,,,,
2025-03-16,rap_hip_hop,419598308.0,349458532.75,MovingAverage,BEST_genre_ma4_predictions_top10_test8.csv,,,,,,,
2025-03-23,rap_hip_hop,830675096.0,349458532.75,MovingAverage,BEST_genre_ma4_predictions_top10_test8.csv,,,,,,,
2025-02-02,latin_music,527638223.0,493878103.25,MovingAverage,BEST_genre_ma4_predictions_top10_test8.csv,,,,,,,
2025-02-09,latin_music,434554307.0,493878103.25,MovingAverage,BEST_genre_ma4_predictions_top10_test8.csv,,,,,,,
2025-02-16,latin_music,375091925.0,493878103.25,MovingAverage,BEST_genre_ma4_predictions_top10_test8.csv,,,,,,,
2025-02-23,latin_music,314520022.0,493878103.25,MovingAverage,BEST_genre_ma4_predictions_top10_test8.csv,,,,,,,
2025-03-02,latin_music,319908640.0,493878103.25,MovingAverage,BEST_genre_ma4_predictions_top10_test8.csv,,,,,,,
2025-03-09,latin_music,294462802.0,493878103.25,MovingAverage,BEST_genre_ma4_predictions_top10_test8.csv,,,,,,,
2025-03-16,latin_music,271932720.0,493878103.25,MovingAverage,BEST_genre_ma4_predictions_top10_test8.csv,,,,,,,
2025-03-23,latin_music,265661047.0,493878103.25,MovingAverage,BEST_genre_ma4_predictions_top10_test8.csv,,,,,,,
2025-02-02,alternative,242992884.0,229667098.25,MovingAverage,BEST_genre_ma4_predictions_top10_test8.csv,,,,,,,
2025-02-09,alternative,241548965.0,229667098.25,MovingAverage,BEST_genre_ma4_predictions_top10_test8.csv,,,,,,,
2025-02-16,alternative,270811759.0,229667098.25,MovingAverage,BEST_genre_ma4_predictions_top10_test8.csv,,,,,,,
2025-02-23,alternative,201480414.0,229667098.25,MovingAverage,BEST_genre_ma4_predictions_top10_test8.csv,,,,,,,
2025-03-02,alternative,202963753.0,229667098.25,MovingAverage,BEST_genre_ma4_predictions_top10_test8.csv,,,,,,,
2025-03-09,alternative,201104417.0,229667098.25,MovingAverage,BEST_genre_ma4_predictions_top10_test8.csv,,,,,,,
2025-03-16,alternative,185708651.0,229667098.25,MovingAverage,BEST_genre_ma4_predictions_top10_test8.csv,,,,,,,
2025-03-23,alternative,179307566.0,229667098.25,MovingAverage,BEST_genre_ma4_predictions_top10_test8.csv,,,,,,,
2025-02-02,dance,73895169.0,64107717.0,MovingAverage,BEST_genre_ma4_predictions_top10_test8.csv,,,,,,,
2025-02-09,dance,67567749.0,64107717.0,MovingAverage,BEST_genre_ma4_predictions_top10_test8.csv,,,,,,,
2025-02-16,dance,53584826.0,64107717.0,MovingAverage,BEST_genre_ma4_predictions_top10_test8.csv,,,,,,,
2025-02-23,dance,52009357.0,64107717.0,MovingAverage,BEST_genre_ma4_predictions_top10_test8.csv,,,,,,,
2025-03-02,dance,61370405.0,64107717.0,MovingAverage,BEST_genre_ma4_predictions_top10_test8.csv,,,,,,,
2025-03-09,dance,70997042.0,64107717.0,MovingAverage,BEST_genre_ma4_predictions_top10_test8.csv,,,,,,,
2025-03-16,dance,103133928.0,64107717.0,MovingAverage,BEST_genre_ma4_predictions_top10_test8.csv,,,,,,,
2025-03-23,dance,103721286.0,64107717.0,MovingAverage,BEST_genre_ma4_predictions_top10_test8.csv,,,,,,,
2025-02-02,randb,147304978.0,159710541.0,MovingAverage,BEST_genre_ma4_predictions_top10_test8.csv,,,,,,,
2025-02-09,randb,366345792.0,159710541.0,MovingAverage,BEST_genre_ma4_predictions_top10_test8.csv,,,,,,,
2025-02-16,randb,238612125.0,159710541.0,MovingAverage,BEST_genre_ma4_predictions_top10_test8.csv,,,,,,,
2025-02-23,randb,310158051.0,159710541.0,MovingAverage,BEST_genre_ma4_predictions_top10_test8.csv,,,,,,,
2025-03-02,randb,181146139.0,159710541.0,MovingAverage,BEST_genre_ma4_predictions_top10_test8.csv,,,,,,,
2025-03-09,randb,164036196.0,159710541.0,MovingAverage,BEST_genre_ma4_predictions_top10_test8.csv,,,,,,,
2025-03-16,randb,122896645.0,159710541.0,MovingAverage,BEST_genre_ma4_predictions_top10_test8.csv,,,,,,,
2025-03-23,randb,125747454.0,159710541.0,MovingAverage,BEST_genre_ma4_predictions_top10_test8.csv,,,,,,,
2025-02-02,rock,102604350.0,106199686.25,MovingAverage,BEST_genre_ma4_predictions_top10_test8.csv,,,,,,,
2025-02-09,rock,104470098.0,106199686.25,MovingAverage,BEST_genre_ma4_predictions_top10_test8.csv,,,,,,,
2025-02-16,rock,101775038.0,106199686.25,MovingAverage,BEST_genre_ma4_predictions_top10_test8.csv,,,,,,,
2025-02-23,rock,98817705.0,106199686.25,MovingAverage,BEST_genre_ma4_predictions_top10_test8.csv,,,,,,,
2025-03-02,rock,106646020.0,106199686.25,MovingAverage,BEST_genre_ma4_predictions_top10_test8.csv,,,,,,,
2025-03-09,rock,111333828.0,106199686.25,MovingAverage,BEST_genre_ma4_predictions_top10_test8.csv,,,,,,,
2025-03-16,rock,104277841.0,106199686.25,MovingAverage,BEST_genre_ma4_predictions_top10_test8.csv,,,,,,,
2025-03-23,rock,99600259.0,106199686.25,MovingAverage,BEST_genre_ma4_predictions_top10_test8.csv,,,,,,,
2025-02-02,electro,19774890.0,21214546.5,MovingAverage,BEST_genre_ma4_predictions_top10_test8.csv,,,,,,,
2025-02-09,electro,32096448.0,21214546.5,MovingAverage,BEST_genre_ma4_predictions_top10_test8.csv,,,,,,,
2025-02-16,electro,30556991.0,21214546.5,MovingAverage,BEST_genre_ma4_predictions_top10_test8.csv,,,,,,,
2025-02-23,electro,21396864.0,21214546.5,MovingAverage,BEST_genre_ma4_predictions_top10_test8.csv,,,,,,,
2025-03-02,electro,22596028.0,21214546.5,MovingAverage,BEST_genre_ma4_predictions_top10_test8.csv,,,,,,,
2025-03-09,electro,30351141.0,21214546.5,MovingAverage,BEST_genre_ma4_predictions_top10_test8.csv,,,,,,,
2025-03-16,electro,30320381.0,21214546.5,MovingAverage,BEST_genre_ma4_predictions_top10_test8.csv,,,,,,,
2025-03-23,electro,21871437.0,21214546.5,MovingAverage,BEST_genre_ma4_predictions_top10_test8.csv,,,,,,,
2025-02-02,asian_music,50760259.0,62786758.75,MovingAverage,BEST_genre_ma4_predictions_top10_test8.csv,,,,,,,
2025-02-09,asian_music,65670670.0,62786758.75,MovingAverage,BEST_genre_ma4_predictions_top10_test8.csv,,,,,,,
2025-02-16,asian_music,94868686.0,62786758.75,MovingAverage,BEST_genre_ma4_predictions_top10_test8.csv,,,,,,,
2025-02-23,asian_music,70945347.0,62786758.75,MovingAverage,BEST_genre_ma4_predictions_top10_test8.csv,,,,,,,
2025-03-02,asian_music,88760003.0,62786758.75,MovingAverage,BEST_genre_ma4_predictions_top10_test8.csv,,,,,,,
2025-03-09,asian_music,88839054.0,62786758.75,MovingAverage,BEST_genre_ma4_predictions_top10_test8.csv,,,,,,,
2025-03-16,asian_music,135724982.0,62786758.75,MovingAverage,BEST_genre_ma4_predictions_top10_test8.csv,,,,,,,
2025-03-23,asian_music,92465965.0,62786758.75,MovingAverage,BEST_genre_ma4_predictions_top10_test8.csv,,,,,,,
2025-02-02,films_games,30560314.0,35318073.5,MovingAverage,BEST_genre_ma4_predictions_top10_test8.csv,,,,,,,
2025-02-09,films_games,31168567.0,35318073.5,MovingAverage,BEST_genre_ma4_predictions_top10_test8.csv,,,,,,,
2025-02-16,films_games,29757715.0,35318073.5,MovingAverage,BEST_genre_ma4_predictions_top10_test8.csv,,,,,,,
2025-02-23,films_games,27765356.0,35318073.5,MovingAverage,BEST_genre_ma4_predictions_top10_test8.csv,,,,,,,
2025-03-02,films_games,18347304.0,35318073.5,MovingAverage,BEST_genre_ma4_predictions_top10_test8.csv,,,,,,,
2025-03-09,films_games,17299035.0,35318073.5,MovingAverage,BEST_genre_ma4_predictions_top10_test8.csv,,,,,,,
2025-03-16,films_games,45797544.0,35318073.5,MovingAverage,BEST_genre_ma4_predictions_top10_test8.csv,,,,,,,
2025-03-23,films_games,45687985.0,35318073.5,MovingAverage,BEST_genre_ma4_predictions_top10_test8.csv,,,,,,,
2025-02-02,pop,839163353.0,,Prophet,BEST_genre_Prophet_tuned_top10_test8_expanded_predictions.csv,903157608.406314,,,,,,
2025-02-09,pop,902739739.0,,Prophet,BEST_genre_Prophet_tuned_top10_test8_expanded_predictions.csv,909936022.738804,,,,,,
2025-02-16,pop,930547641.0,,Prophet,BEST_genre_Prophet_tuned_top10_test8_expanded_predictions.csv,904512571.1969576,,,,,,
2025-02-23,pop,932557785.0,,Prophet,BEST_genre_Prophet_tuned_top10_test8_expanded_predictions.csv,894593721.2625523,,,,,,
2025-03-02,pop,1023973601.0,,Prophet,BEST_genre_Prophet_tuned_top10_test8_expanded_predictions.csv,890210440.6629605,,,,,,
2025-03-09,pop,965155242.0,,Prophet,BEST_genre_Prophet_tuned_top10_test8_expanded_predictions.csv,896028250.4945447,,,,,,
2025-03-16,pop,1045295348.0,,Prophet,BEST_genre_Prophet_tuned_top10_test8_expanded_predictions.csv,908622127.9999812,,,,,,
2025-03-23,pop,811728572.0,,Prophet,BEST_genre_Prophet_tuned_top10_test8_expanded_predictions.csv,920415254.1749234,,,,,,
2025-02-02,rap_hip_hop,392124803.0,,Prophet,BEST_genre_Prophet_tuned_top10_test8_expanded_predictions.csv,410299319.6643967,,,,,,
2025-02-09,rap_hip_hop,391671514.0,,Prophet,BEST_genre_Prophet_tuned_top10_test8_expanded_predictions.csv,406518883.3764525,,,,,,
2025-02-16,rap_hip_hop,592971788.0,,Prophet,BEST_genre_Prophet_tuned_top10_test8_expanded_predictions.csv,400588483.5092723,,,,,,
2025-02-23,rap_hip_hop,597474438.0,,Prophet,BEST_genre_Prophet_tuned_top10_test8_expanded_predictions.csv,396634796.527558,,,,,,
2025-03-02,rap_hip_hop,492099395.0,,Prophet,BEST_genre_Prophet_tuned_top10_test8_expanded_predictions.csv,395785390.5500295,,,,,,
2025-03-09,rap_hip_hop,460819589.0,,Prophet,BEST_genre_Prophet_tuned_top10_test8_expanded_predictions.csv,397497994.5227301,,,,,,
2025-03-16,rap_hip_hop,419598308.0,,Prophet,BEST_genre_Prophet_tuned_top10_test8_expanded_predictions.csv,400235928.4639393,,,,,,
2025-03-23,rap_hip_hop,830675096.0,,Prophet,BEST_genre_Prophet_tuned_top10_test8_expanded_predictions.csv,401419630.1081199,,,,,,
2025-02-02,latin_music,527638223.0,,Prophet,BEST_genre_Prophet_tuned_top10_test8_expanded_predictions.csv,288293655.78205377,,,,,,
2025-02-09,latin_music,434554307.0,,Prophet,BEST_genre_Prophet_tuned_top10_test8_expanded_predictions.csv,262238526.1840672,,,,,,
2025-02-16,latin_music,375091925.0,,Prophet,BEST_genre_Prophet_tuned_top10_test8_expanded_predictions.csv,255909605.50629604,,,,,,
2025-02-23,latin_music,314520022.0,,Prophet,BEST_genre_Prophet_tuned_top10_test8_expanded_predictions.csv,270138446.816579,,,,,,
2025-03-02,latin_music,319908640.0,,Prophet,BEST_genre_Prophet_tuned_top10_test8_expanded_predictions.csv,290051434.3119982,,,,,,
2025-03-09,latin_music,294462802.0,,Prophet,BEST_genre_Prophet_tuned_top10_test8_expanded_predictions.csv,301129700.2132081,,,,,,
2025-03-16,latin_music,271932720.0,,Prophet,BEST_genre_Prophet_tuned_top10_test8_expanded_predictions.csv,300297466.9637847,,,,,,
2025-03-23,latin_music,265661047.0,,Prophet,BEST_genre_Prophet_tuned_top10_test8_expanded_predictions.csv,293201665.7618313,,,,,,
2025-02-02,alternative,242992884.0,,Prophet,BEST_genre_Prophet_tuned_top10_test8_expanded_predictions.csv,270532290.30144864,,,,,,
2025-02-09,alternative,241548965.0,,Prophet,BEST_genre_Prophet_tuned_top10_test8_expanded_predictions.csv,265143782.25323573,,,,,,
2025-02-16,alternative,270811759.0,,Prophet,BEST_genre_Prophet_tuned_top10_test8_expanded_predictions.csv,262717473.09565175,,,,,,
2025-02-23,alternative,201480414.0,,Prophet,BEST_genre_Prophet_tuned_top10_test8_expanded_predictions.csv,264629473.51790583,,,,,,
2025-03-02,alternative,202963753.0,,Prophet,BEST_genre_Prophet_tuned_top10_test8_expanded_predictions.csv,266471143.6340466,,,,,,
2025-03-09,alternative,201104417.0,,Prophet,BEST_genre_Prophet_tuned_top10_test8_expanded_predictions.csv,263640514.0121936,,,,,,
2025-03-16,alternative,185708651.0,,Prophet,BEST_genre_Prophet_tuned_top10_test8_expanded_predictions.csv,257005022.35768095,,,,,,
2025-03-23,alternative,179307566.0,,Prophet,BEST_genre_Prophet_tuned_top10_test8_expanded_predictions.csv,252505114.8527102,,,,,,
2025-02-02,dance,73895169.0,,Prophet,BEST_genre_Prophet_tuned_top10_test8_expanded_predictions.csv,66642083.78997103,,,,,,
2025-02-09,dance,67567749.0,,Prophet,BEST_genre_Prophet_tuned_top10_test8_expanded_predictions.csv,67655326.15032268,,,,,,
2025-02-16,dance,53584826.0,,Prophet,BEST_genre_Prophet_tuned_top10_test8_expanded_predictions.csv,68502996.38219233,,,,,,
2025-02-23,dance,52009357.0,,Prophet,BEST_genre_Prophet_tuned_top10_test8_expanded_predictions.csv,68625830.40929928,,,,,,
2025-03-02,dance,61370405.0,,Prophet,BEST_genre_Prophet_tuned_top10_test8_expanded_predictions.csv,68545339.4354665,,,,,,
2025-03-09,dance,70997042.0,,Prophet,BEST_genre_Prophet_tuned_top10_test8_expanded_predictions.csv,68839014.86302741,,,,,,
2025-03-16,dance,103133928.0,,Prophet,BEST_genre_Prophet_tuned_top10_test8_expanded_predictions.csv,69071391.52716699,,,,,,
2025-03-23,dance,103721286.0,,Prophet,BEST_genre_Prophet_tuned_top10_test8_expanded_predictions.csv,68442289.10578759,,,,,,
2025-02-02,randb,147304978.0,,Prophet,BEST_genre_Prophet_tuned_top10_test8_expanded_predictions.csv,155898708.1666958,,,,,,
2025-02-09,randb,366345792.0,,Prophet,BEST_genre_Prophet_tuned_top10_test8_expanded_predictions.csv,151811089.9637204,,,,,,
2025-02-16,randb,238612125.0,,Prophet,BEST_genre_Prophet_tuned_top10_test8_expanded_predictions.csv,158589291.94452277,,,,,,
2025-02-23,randb,310158051.0,,Prophet,BEST_genre_Prophet_tuned_top10_test8_expanded_predictions.csv,167479808.14611107,,,,,,
2025-03-02,randb,181146139.0,,Prophet,BEST_genre_Prophet_tuned_top10_test8_expanded_predictions.csv,168865740.54180527,,,,,,
2025-03-09,randb,164036196.0,,Prophet,BEST_genre_Prophet_tuned_top10_test8_expanded_predictions.csv,163846735.21171388,,,,,,
2025-03-16,randb,122896645.0,,Prophet,BEST_genre_Prophet_tuned_top10_test8_expanded_predictions.csv,161847745.52576402,,,,,,
2025-03-23,randb,125747454.0,,Prophet,BEST_genre_Prophet_tuned_top10_test8_expanded_predictions.csv,168079846.01863995,,,,,,
2025-02-02,rock,102604350.0,,Prophet,BEST_genre_Prophet_tuned_top10_test8_expanded_predictions.csv,110189226.21161844,,,,,,
2025-02-09,rock,104470098.0,,Prophet,BEST_genre_Prophet_tuned_top10_test8_expanded_predictions.csv,112142043.70598368,,,,,,
2025-02-16,rock,101775038.0,,Prophet,BEST_genre_Prophet_tuned_top10_test8_expanded_predictions.csv,106789033.18166354,,,,,,
2025-02-23,rock,98817705.0,,Prophet,BEST_genre_Prophet_tuned_top10_test8_expanded_predictions.csv,100886132.4546514,,,,,,
2025-03-02,rock,106646020.0,,Prophet,BEST_genre_Prophet_tuned_top10_test8_expanded_predictions.csv,100563962.70117514,,,,,,
2025-03-09,rock,111333828.0,,Prophet,BEST_genre_Prophet_tuned_top10_test8_expanded_predictions.csv,104841451.0377345,,,,,,
2025-03-16,rock,104277841.0,,Prophet,BEST_genre_Prophet_tuned_top10_test8_expanded_predictions.csv,108284722.48336948,,,,,,
2025-03-23,rock,99600259.0,,Prophet,BEST_genre_Prophet_tuned_top10_test8_expanded_predictions.csv,108099100.22112577,,,,,,
2025-02-02,electro,19774890.0,,Prophet,BEST_genre_Prophet_tuned_top10_test8_expanded_predictions.csv,37511277.66661929,,,,,,
2025-02-09,electro,32096448.0,,Prophet,BEST_genre_Prophet_tuned_top10_test8_expanded_predictions.csv,37470100.11936627,,,,,,
2025-02-16,electro,30556991.0,,Prophet,BEST_genre_Prophet_tuned_top10_test8_expanded_predictions.csv,37421628.12968661,,,,,,
2025-02-23,electro,21396864.0,,Prophet,BEST_genre_Prophet_tuned_top10_test8_expanded_predictions.csv,37692831.029660985,,,,,,
2025-03-02,electro,22596028.0,,Prophet,BEST_genre_Prophet_tuned_top10_test8_expanded_predictions.csv,38607304.13526113,,,,,,
2025-03-09,electro,30351141.0,,Prophet,BEST_genre_Prophet_tuned_top10_test8_expanded_predictions.csv,39940224.42982302,,,,,,
2025-03-16,electro,30320381.0,,Prophet,BEST_genre_Prophet_tuned_top10_test8_expanded_predictions.csv,41010547.875726834,,,,,,
2025-03-23,electro,21871437.0,,Prophet,BEST_genre_Prophet_tuned_top10_test8_expanded_predictions.csv,41362493.70984835,,,,,,
2025-02-02,asian_music,50760259.0,,Prophet,BEST_genre_Prophet_tuned_top10_test8_expanded_predictions.csv,75429907.39280656,,,,,,
2025-02-09,asian_music,65670670.0,,Prophet,BEST_genre_Prophet_tuned_top10_test8_expanded_predictions.csv,72231330.27212678,,,,,,
2025-02-16,asian_music,94868686.0,,Prophet,BEST_genre_Prophet_tuned_top10_test8_expanded_predictions.csv,74674547.17433703,,,,,,
2025-02-23,asian_music,70945347.0,,Prophet,BEST_genre_Prophet_tuned_top10_test8_expanded_predictions.csv,81333182.3872563,,,,,,
2025-03-02,asian_music,88760003.0,,Prophet,BEST_genre_Prophet_tuned_top10_test8_expanded_predictions.csv,86111345.38870631,,,,,,
2025-03-09,asian_music,88839054.0,,Prophet,BEST_genre_Prophet_tuned_top10_test8_expanded_predictions.csv,85353868.3746344,,,,,,
2025-03-16,asian_music,135724982.0,,Prophet,BEST_genre_Prophet_tuned_top10_test8_expanded_predictions.csv,81989341.82506423,,,,,,
2025-03-23,asian_music,92465965.0,,Prophet,BEST_genre_Prophet_tuned_top10_test8_expanded_predictions.csv,82180793.4725343,,,,,,
2025-02-02,films_games,30560314.0,,Prophet,BEST_genre_Prophet_tuned_top10_test8_expanded_predictions.csv,64263669.03035623,,,,,,
2025-02-09,films_games,31168567.0,,Prophet,BEST_genre_Prophet_tuned_top10_test8_expanded_predictions.csv,67278914.31557693,,,,,,
2025-02-16,films_games,29757715.0,,Prophet,BEST_genre_Prophet_tuned_top10_test8_expanded_predictions.csv,64289366.53349146,,,,,,
2025-02-23,films_games,27765356.0,,Prophet,BEST_genre_Prophet_tuned_top10_test8_expanded_predictions.csv,59235026.773297176,,,,,,
2025-03-02,films_games,18347304.0,,Prophet,BEST_genre_Prophet_tuned_top10_test8_expanded_predictions.csv,56195724.92142187,,,,,,
2025-03-09,films_games,17299035.0,,Prophet,BEST_genre_Prophet_tuned_top10_test8_expanded_predictions.csv,55723822.21986275,,,,,,
2025-03-16,films_games,45797544.0,,Prophet,BEST_genre_Prophet_tuned_top10_test8_expanded_predictions.csv,55499217.07015945,,,,,,
2025-03-23,films_games,45687985.0,,Prophet,BEST_genre_Prophet_tuned_top10_test8_expanded_predictions.csv,53765612.84703677,,,,,,
2025-02-02,alternative,,,LightGBM,genre_LGBM_tuned_ts_cv_predictions_songs6064_iter10.csv,,242992884.0,247907256.9753204,,,,247907256.9753204
2025-02-09,alternative,,,LightGBM,genre_LGBM_tuned_ts_cv_predictions_songs6064_iter10.csv,,241548965.0,235481304.81518516,,,,235481304.81518516
2025-02-16,alternative,,,LightGBM,genre_LGBM_tuned_ts_cv_predictions_songs6064_iter10.csv,,270811759.0,291616597.5480281,,,,291616597.5480281
2025-02-23,alternative,,,LightGBM,genre_LGBM_tuned_ts_cv_predictions_songs6064_iter10.csv,,201480414.0,205599978.9510498,,,,205599978.9510498
2025-03-02,alternative,,,LightGBM,genre_LGBM_tuned_ts_cv_predictions_songs6064_iter10.csv,,202963753.0,214178920.2568369,,,,214178920.2568369
2025-03-09,alternative,,,LightGBM,genre_LGBM_tuned_ts_cv_predictions_songs6064_iter10.csv,,192382436.0,211257933.11179805,,,,211257933.11179805
2025-03-16,alternative,,,LightGBM,genre_LGBM_tuned_ts_cv_predictions_songs6064_iter10.csv,,176961498.0,187624321.14174336,,,,187624321.14174336
2025-03-23,alternative,,,LightGBM,genre_LGBM_tuned_ts_cv_predictions_songs6064_iter10.csv,,167544783.0,178459414.2069371,,,,178459414.2069371
2025-02-02,asian_music,,,LightGBM,genre_LGBM_tuned_ts_cv_predictions_songs6064_iter10.csv,,40990913.0,49756020.89624717,,,,49756020.89624717
2025-02-09,asian_music,,,LightGBM,genre_LGBM_tuned_ts_cv_predictions_songs6064_iter10.csv,,40406557.0,51582412.854855,,,,51582412.854855
2025-02-16,asian_music,,,LightGBM,genre_LGBM_tuned_ts_cv_predictions_songs6064_iter10.csv,,39690590.0,50128321.08326546,,,,50128321.08326546
2025-02-23,asian_music,,,LightGBM,genre_LGBM_tuned_ts_cv_predictions_songs6064_iter10.csv,,39141999.0,50128321.08326546,,,,50128321.08326546
2025-03-02,asian_music,,,LightGBM,genre_LGBM_tuned_ts_cv_predictions_songs6064_iter10.csv,,40215389.0,50128321.08326546,,,,50128321.08326546
2025-03-09,asian_music,,,LightGBM,genre_LGBM_tuned_ts_cv_predictions_songs6064_iter10.csv,,38417211.0,50128321.08326546,,,,50128321.08326546
2025-03-16,asian_music,,,LightGBM,genre_LGBM_tuned_ts_cv_predictions_songs6064_iter10.csv,,47348263.0,73317621.08326545,,,,73317621.08326545
2025-03-23,asian_music,,,LightGBM,genre_LGBM_tuned_ts_cv_predictions_songs6064_iter10.csv,,33929082.0,52972837.67047664,,,,52972837.67047664
2025-02-02,dance,,,LightGBM,genre_LGBM_tuned_ts_cv_predictions_songs6064_iter10.csv,,59917579.0,58343390.85098836,,,,58343390.85098836
2025-02-09,dance,,,LightGBM,genre_LGBM_tuned_ts_cv_predictions_songs6064_iter10.csv,,53139145.0,50357675.11813635,,,,50357675.11813635
2025-02-16,dance,,,LightGBM,genre_LGBM_tuned_ts_cv_predictions_songs6064_iter10.csv,,40540689.0,40166679.94029468,,,,40166679.94029468
2025-02-23,dance,,,LightGBM,genre_LGBM_tuned_ts_cv_predictions_songs6064_iter10.csv,,39936560.0,40974191.044369146,,,,40974191.044369146
2025-03-02,dance,,,LightGBM,genre_LGBM_tuned_ts_cv_predictions_songs6064_iter10.csv,,49414153.0,49300156.98581019,,,,49300156.98581019
2025-03-09,dance,,,LightGBM,genre_LGBM_tuned_ts_cv_predictions_songs6064_iter10.csv,,50590239.0,49454025.558881305,,,,49454025.558881305
2025-03-16,dance,,,LightGBM,genre_LGBM_tuned_ts_cv_predictions_songs6064_iter10.csv,,58646043.0,51387080.92018602,,,,51387080.92018602
2025-03-23,dance,,,LightGBM,genre_LGBM_tuned_ts_cv_predictions_songs6064_iter10.csv,,50232041.0,43653660.34088893,,,,43653660.34088893
2025-02-09,dubstep,,,LightGBM,genre_LGBM_tuned_ts_cv_predictions_songs6064_iter10.csv,,10063691.0,10498924.696028275,,,,10498924.696028275
2025-02-16,dubstep,,,LightGBM,genre_LGBM_tuned_ts_cv_predictions_songs6064_iter10.csv,,9175045.0,9810271.046230003,,,,9810271.046230003
2025-03-09,dubstep,,,LightGBM,genre_LGBM_tuned_ts_cv_predictions_songs6064_iter10.csv,,8024969.0,10370341.881352594,,,,10370341.881352594
2025-03-16,dubstep,,,LightGBM,genre_LGBM_tuned_ts_cv_predictions_songs6064_iter10.csv,,8452867.0,7640823.227731639,,,,7640823.227731639
2025-02-02,electro,,,LightGBM,genre_LGBM_tuned_ts_cv_predictions_songs6064_iter10.csv,,9948684.0,9341796.0,,,,9341796.0
2025-02-09,electro,,,LightGBM,genre_LGBM_tuned_ts_cv_predictions_songs6064_iter10.csv,,20591049.0,19840720.69602828,,,,19840720.69602828
2025-02-16,electro,,,LightGBM,genre_LGBM_tuned_ts_cv_predictions_songs6064_iter10.csv,,18831836.0,19152067.046230003,,,,19152067.046230003
2025-02-23,electro,,,LightGBM,genre_LGBM_tuned_ts_cv_predictions_songs6064_iter10.csv,,9643550.0,9341796.0,,,,9341796.0
2025-03-02,electro,,,LightGBM,genre_LGBM_tuned_ts_cv_predictions_songs6064_iter10.csv,,9618233.0,9341796.0,,,,9341796.0
2025-03-09,electro,,,LightGBM,genre_LGBM_tuned_ts_cv_predictions_songs6064_iter10.csv,,17815388.0,19712137.8813526,,,,19712137.8813526
2025-03-16,electro,,,LightGBM,genre_LGBM_tuned_ts_cv_predictions_songs6064_iter10.csv,,18446761.0,16982619.227731638,,,,16982619.227731638
2025-03-23,electro,,,LightGBM,genre_LGBM_tuned_ts_cv_predictions_songs6064_iter10.csv,,10380892.0,9341796.0,,,,9341796.0
2025-02-02,film_scores,,,LightGBM,genre_LGBM_tuned_ts_cv_predictions_songs6064_iter10.csv,,30560314.0,46844286.19210335,,,,46844286.19210335
2025-02-09,film_scores,,,LightGBM,genre_LGBM_tuned_ts_cv_predictions_songs6064_iter10.csv,,31168567.0,47087001.52286708,,,,47087001.52286708
2025-02-16,film_scores,,,LightGBM,genre_LGBM_tuned_ts_cv_predictions_songs6064_iter10.csv,,29757715.0,47779305.75710863,,,,47779305.75710863
2025-02-23,film_scores,,,LightGBM,genre_LGBM_tuned_ts_cv_predictions_songs6064_iter10.csv,,27765356.0,47687818.406277366,,,,47687818.406277366
2025-03-02,film_scores,,,LightGBM,genre_LGBM_tuned_ts_cv_predictions_songs6064_iter10.csv,,18347304.0,19434754.37019761,,,,19434754.37019761
2025-03-09,film_scores,,,LightGBM,genre_LGBM_tuned_ts_cv_predictions_songs6064_iter10.csv,,17299035.0,19434318.95774509,,,,19434318.95774509
2025-03-16,film_scores,,,LightGBM,genre_LGBM_tuned_ts_cv_predictions_songs6064_iter10.csv,,17468653.0,18630331.237025943,,,,18630331.237025943
2025-03-23,film_scores,,,LightGBM,genre_LGBM_tuned_ts_cv_predictions_songs6064_iter10.csv,,16794064.0,18073013.32199874,,,,18073013.32199874
2025-02-02,films_games,,,LightGBM,genre_LGBM_tuned_ts_cv_predictions_songs6064_iter10.csv,,30560314.0,46844286.19210335,,,,46844286.19210335
2025-02-09,films_games,,,LightGBM,genre_LGBM_tuned_ts_cv_predictions_songs6064_iter10.csv,,31168567.0,47087001.52286708,,,,47087001.52286708
2025-02-16,films_games,,,LightGBM,genre_LGBM_tuned_ts_cv_predictions_songs6064_iter10.csv,,29757715.0,47779305.75710863,,,,47779305.75710863
2025-02-23,films_games,,,LightGBM,genre_LGBM_tuned_ts_cv_predictions_songs6064_iter10.csv,,27765356.0,47687818.406277366,,,,47687818.406277366
2025-03-02,films_games,,,LightGBM,genre_LGBM_tuned_ts_cv_predictions_songs6064_iter10.csv,,18347304.0,19434754.37019761,,,,19434754.37019761
2025-03-09,films_games,,,LightGBM,genre_LGBM_tuned_ts_cv_predictions_songs6064_iter10.csv,,17299035.0,19434318.95774509,,,,19434318.95774509
2025-03-16,films_games,,,LightGBM,genre_LGBM_tuned_ts_cv_predictions_songs6064_iter10.csv,,17468653.0,18630331.237025943,,,,18630331.237025943
2025-03-23,films_games,,,LightGBM,genre_LGBM_tuned_ts_cv_predictions_songs6064_iter10.csv,,16794064.0,18073013.32199874,,,,18073013.32199874
2025-02-02,folk,,,LightGBM,genre_LGBM_tuned_ts_cv_predictions_songs6064_iter10.csv,,15431783.0,16267666.045573223,,,,16267666.045573223
2025-02-09,folk,,,LightGBM,genre_LGBM_tuned_ts_cv_predictions_songs6064_iter10.csv,,15170476.0,16267666.045573223,,,,16267666.045573223
2025-02-16,folk,,,LightGBM,genre_LGBM_tuned_ts_cv_predictions_songs6064_iter10.csv,,15265038.0,16267666.045573223,,,,16267666.045573223
2025-02-23,folk,,,LightGBM,genre_LGBM_tuned_ts_cv_predictions_songs6064_iter10.csv,,14417493.0,16212564.151601838,,,,16212564.151601838
2025-03-02,folk,,,LightGBM,genre_LGBM_tuned_ts_cv_predictions_songs6064_iter10.csv,,13806686.0,16212564.151601838,,,,16212564.151601838
2025-03-09,folk,,,LightGBM,genre_LGBM_tuned_ts_cv_predictions_songs6064_iter10.csv,,13143246.0,16428435.011647156,,,,16428435.011647156
2025-03-16,folk,,,LightGBM,genre_LGBM_tuned_ts_cv_predictions_songs6064_iter10.csv,,13047495.0,16423198.267258486,,,,16423198.267258486
2025-03-23,folk,,,LightGBM,genre_LGBM_tuned_ts_cv_predictions_songs6064_iter10.csv,,13432683.0,16212564.151601838,,,,16212564.151601838
2025-02-02,international_pop,,,LightGBM,genre_LGBM_tuned_ts_cv_predictions_songs6064_iter10.csv,,19417090.0,19873973.452484168,,,,19873973.452484168
2025-02-09,international_pop,,,LightGBM,genre_LGBM_tuned_ts_cv_predictions_songs6064_iter10.csv,,19883042.0,19803975.53298324,,,,19803975.53298324
2025-02-16,international_pop,,,LightGBM,genre_LGBM_tuned_ts_cv_predictions_songs6064_iter10.csv,,19963158.0,19685023.88742114,,,,19685023.88742114
2025-02-23,international_pop,,,LightGBM,genre_LGBM_tuned_ts_cv_predictions_songs6064_iter10.csv,,19644960.0,19651650.537163965,,,,19651650.537163965
2025-03-02,international_pop,,,LightGBM,genre_LGBM_tuned_ts_cv_predictions_songs6064_iter10.csv,,19588907.0,19633772.829187147,,,,19633772.829187147
2025-03-09,international_pop,,,LightGBM,genre_LGBM_tuned_ts_cv_predictions_songs6064_iter10.csv,,18499568.0,19136483.748126056,,,,19136483.748126056
2025-03-16,international_pop,,,LightGBM,genre_LGBM_tuned_ts_cv_predictions_songs6064_iter10.csv,,19057629.0,18659874.09049987,,,,18659874.09049987
2025-03-23,international_pop,,,LightGBM,genre_LGBM_tuned_ts_cv_predictions_songs6064_iter10.csv,,10281079.0,9875961.872238452,,,,9875961.872238452
2025-02-02,latin_music,,,LightGBM,genre_LGBM_tuned_ts_cv_predictions_songs6064_iter10.csv,,106467814.0,111758432.59685764,,,,111758432.59685764
2025-02-09,latin_music,,,LightGBM,genre_LGBM_tuned_ts_cv_predictions_songs6064_iter10.csv,,94423178.0,86575064.91493063,,,,86575064.91493063
2025-02-16,latin_music,,,LightGBM,genre_LGBM_tuned_ts_cv_predictions_songs6064_iter10.csv,,87413027.0,77089995.35878578,,,,77089995.35878578
2025-02-23,latin_music,,,LightGBM,genre_LGBM_tuned_ts_cv_predictions_songs6064_iter10.csv,,84850058.0,86764011.87457496,,,,86764011.87457496
2025-03-02,latin_music,,,LightGBM,genre_LGBM_tuned_ts_cv_predictions_songs6064_iter10.csv,,84882604.0,86752587.84848987,,,,86752587.84848987
2025-03-09,latin_music,,,LightGBM,genre_LGBM_tuned_ts_cv_predictions_songs6064_iter10.csv,,78914521.0,86644258.2204926,,,,86644258.2204926
2025-03-16,latin_music,,,LightGBM,genre_LGBM_tuned_ts_cv_predictions_songs6064_iter10.csv,,66107405.0,76946794.0568806,,,,76946794.0568806
2025-03-23,latin_music,,,LightGBM,genre_LGBM_tuned_ts_cv_predictions_songs6064_iter10.csv,,66508190.0,76940182.20855352,,,,76940182.20855352
2025-02-02,pop,,,LightGBM,genre_LGBM_tuned_ts_cv_predictions_songs6064_iter10.csv,,751058008.0,793014482.9186441,,,,793014482.9186441
2025-02-09,pop,,,LightGBM,genre_LGBM_tuned_ts_cv_predictions_songs6064_iter10.csv,,788805397.0,789344307.5968083,,,,789344307.5968083
2025-02-16,pop,,,LightGBM,genre_LGBM_tuned_ts_cv_predictions_songs6064_iter10.csv,,752351953.0,757586484.1800334,,,,757586484.1800334
2025-02-23,pop,,,LightGBM,genre_LGBM_tuned_ts_cv_predictions_songs6064_iter10.csv,,690443430.0,714498097.5375613,,,,714498097.5375613
2025-03-02,pop,,,LightGBM,genre_LGBM_tuned_ts_cv_predictions_songs6064_iter10.csv,,685376380.0,735238124.4891545,,,,735238124.4891545
2025-03-09,pop,,,LightGBM,genre_LGBM_tuned_ts_cv_predictions_songs6064_iter10.csv,,699422995.0,793668639.2691281,,,,793668639.2691281
2025-03-16,pop,,,LightGBM,genre_LGBM_tuned_ts_cv_predictions_songs6064_iter10.csv,,674703119.0,753821315.6697283,,,,753821315.6697283
2025-03-23,pop,,,LightGBM,genre_LGBM_tuned_ts_cv_predictions_songs6064_iter10.csv,,586901827.0,654260588.7840288,,,,654260588.7840288
2025-02-02,randb,,,LightGBM,genre_LGBM_tuned_ts_cv_predictions_songs6064_iter10.csv,,129997185.0,132347455.0378485,,,,132347455.0378485
2025-02-09,randb,,,LightGBM,genre_LGBM_tuned_ts_cv_predictions_songs6064_iter10.csv,,177950894.0,152818663.10036173,,,,152818663.10036173
2025-02-16,randb,,,LightGBM,genre_LGBM_tuned_ts_cv_predictions_songs6064_iter10.csv,,163600530.0,144757559.23236293,,,,144757559.23236293
2025-02-23,randb,,,LightGBM,genre_LGBM_tuned_ts_cv_predictions_songs6064_iter10.csv,,147156397.0,147661705.02606505,,,,147661705.02606505
2025-03-02,randb,,,LightGBM,genre_LGBM_tuned_ts_cv_predictions_songs6064_iter10.csv,,135145531.0,145344854.61786622,,,,145344854.61786622
2025-03-09,randb,,,LightGBM,genre_LGBM_tuned_ts_cv_predictions_songs6064_iter10.csv,,122647294.0,145603700.64769173,,,,145603700.64769173
2025-03-16,randb,,,LightGBM,genre_LGBM_tuned_ts_cv_predictions_songs6064_iter10.csv,,100722317.0,118905527.69169964,,,,118905527.69169964
2025-03-23,randb,,,LightGBM,genre_LGBM_tuned_ts_cv_predictions_songs6064_iter10.csv,,91320525.0,110969599.64201944,,,,110969599.64201944
2025-02-02,rap_hip_hop,,,LightGBM,genre_LGBM_tuned_ts_cv_predictions_songs6064_iter10.csv,,301364698.0,327183431.0170568,,,,327183431.0170568
2025-02-09,rap_hip_hop,,,LightGBM,genre_LGBM_tuned_ts_cv_predictions_songs6064_iter10.csv,,313751420.0,321630909.7703931,,,,321630909.7703931
2025-02-16,rap_hip_hop,,,LightGBM,genre_LGBM_tuned_ts_cv_predictions_songs6064_iter10.csv,,469393696.0,372132694.5397349,,,,372132694.5397349
2025-02-23,rap_hip_hop,,,LightGBM,genre_LGBM_tuned_ts_cv_predictions_songs6064_iter10.csv,,474682540.0,392181198.8266876,,,,392181198.8266876
2025-03-02,rap_hip_hop,,,LightGBM,genre_LGBM_tuned_ts_cv_predictions_songs6064_iter10.csv,,388017770.0,380141863.5963607,,,,380141863.5963607
2025-03-09,rap_hip_hop,,,LightGBM,genre_LGBM_tuned_ts_cv_predictions_songs6064_iter10.csv,,350821386.0,387962018.111433,,,,387962018.111433
2025-03-16,rap_hip_hop,,,LightGBM,genre_LGBM_tuned_ts_cv_predictions_songs6064_iter10.csv,,317588385.0,364763275.2201697,,,,364763275.2201697
2025-03-23,rap_hip_hop,,,LightGBM,genre_LGBM_tuned_ts_cv_predictions_songs6064_iter10.csv,,272903381.0,323147706.8491564,,,,323147706.8491564
2025-02-02,rock,,,LightGBM,genre_LGBM_tuned_ts_cv_predictions_songs6064_iter10.csv,,102604350.0,108096278.43512943,,,,108096278.43512943
2025-02-09,rock,,,LightGBM,genre_LGBM_tuned_ts_cv_predictions_songs6064_iter10.csv,,104470098.0,105234754.8458916,,,,105234754.8458916
2025-02-16,rock,,,LightGBM,genre_LGBM_tuned_ts_cv_predictions_songs6064_iter10.csv,,101775038.0,106229963.11748692,,,,106229963.11748692
2025-02-23,rock,,,LightGBM,genre_LGBM_tuned_ts_cv_predictions_songs6064_iter10.csv,,98817705.0,99741037.4180265,,,,99741037.4180265
2025-03-02,rock,,,LightGBM,genre_LGBM_tuned_ts_cv_predictions_songs6064_iter10.csv,,106646020.0,108078315.8178715,,,,108078315.8178715
2025-03-09,rock,,,LightGBM,genre_LGBM_tuned_ts_cv_predictions_songs6064_iter10.csv,,111333828.0,113591068.73292744,,,,113591068.73292744
2025-03-16,rock,,,LightGBM,genre_LGBM_tuned_ts_cv_predictions_songs6064_iter10.csv,,104277841.0,106253389.5080766,,,,106253389.5080766
2025-03-23,rock,,,LightGBM,genre_LGBM_tuned_ts_cv_predictions_songs6064_iter10.csv,,87837476.0,90191594.998802,,,,90191594.998802
2025-02-02,rock_and_roll_rockabilly,,,LightGBM,genre_LGBM_tuned_ts_cv_predictions_songs6064_iter10.csv,,10224239.0,10489253.005669711,,,,10489253.005669711
2025-02-09,rock_and_roll_rockabilly,,,LightGBM,genre_LGBM_tuned_ts_cv_predictions_songs6064_iter10.csv,,10367130.0,10437433.901474454,,,,10437433.901474454
2025-02-16,rock_and_roll_rockabilly,,,LightGBM,genre_LGBM_tuned_ts_cv_predictions_songs6064_iter10.csv,,10057946.0,10478213.851309417,,,,10478213.851309417
2025-02-23,rock_and_roll_rockabilly,,,LightGBM,genre_LGBM_tuned_ts_cv_predictions_songs6064_iter10.csv,,9086881.0,10093039.976093631,,,,10093039.976093631
2025-03-02,rock_and_roll_rockabilly,,,LightGBM,genre_LGBM_tuned_ts_cv_predictions_songs6064_iter10.csv,,9297967.0,9979881.080150964,,,,9979881.080150964
2025-03-09,rock_and_roll_rockabilly,,,LightGBM,genre_LGBM_tuned_ts_cv_predictions_songs6064_iter10.csv,,9394853.0,9502415.741143264,,,,9502415.741143264
2025-03-16,rock_and_roll_rockabilly,,,LightGBM,genre_LGBM_tuned_ts_cv_predictions_songs6064_iter10.csv,,9420075.0,9596783.81547596,,,,9596783.81547596
2025-03-23,rock_and_roll_rockabilly,,,LightGBM,genre_LGBM_tuned_ts_cv_predictions_songs6064_iter10.csv,,9718445.0,9593505.348048575,,,,9593505.348048575
2025-02-02,singer_and_songwriter,,,LightGBM,genre_LGBM_tuned_ts_cv_predictions_songs6064_iter10.csv,,20047134.0,25843977.50462111,,,,25843977.50462111
2025-02-09,singer_and_songwriter,,,LightGBM,genre_LGBM_tuned_ts_cv_predictions_songs6064_iter10.csv,,19920675.0,25838284.09711261,,,,25838284.09711261
2025-02-16,singer_and_songwriter,,,LightGBM,genre_LGBM_tuned_ts_cv_predictions_songs6064_iter10.csv,,19619909.0,25641367.295367066,,,,25641367.295367066
2025-02-23,singer_and_songwriter,,,LightGBM,genre_LGBM_tuned_ts_cv_predictions_songs6064_iter10.csv,,10666345.0,10596517.720241832,,,,10596517.720241832
2025-03-02,singer_and_songwriter,,,LightGBM,genre_LGBM_tuned_ts_cv_predictions_songs6064_iter10.csv,,10470139.0,10539172.865521245,,,,10539172.865521245
2025-03-09,singer_and_songwriter,,,LightGBM,genre_LGBM_tuned_ts_cv_predictions_songs6064_iter10.csv,,10011191.0,10154645.001626706,,,,10154645.001626706
2025-03-16,singer_and_songwriter,,,LightGBM,genre_LGBM_tuned_ts_cv_predictions_songs6064_iter10.csv,,10078343.0,9802539.76625348,,,,9802539.76625348
2025-03-23,singer_and_songwriter,,,LightGBM,genre_LGBM_tuned_ts_cv_predictions_songs6064_iter10.csv,,10281079.0,9875961.872238452,,,,9875961.872238452
2025-02-09,techno_house,,,LightGBM,genre_LGBM_tuned_ts_cv_predictions_songs6064_iter10.csv,,10063691.0,10498924.696028275,,,,10498924.696028275
2025-02-16,techno_house,,,LightGBM,genre_LGBM_tuned_ts_cv_predictions_songs6064_iter10.csv,,9175045.0,9810271.046230003,,,,9810271.046230003
2025-03-09,techno_house,,,LightGBM,genre_LGBM_tuned_ts_cv_predictions_songs6064_iter10.csv,,8024969.0,10370341.881352594,,,,10370341.881352594
2025-03-16,techno_house,,,LightGBM,genre_LGBM_tuned_ts_cv_predictions_songs6064_iter10.csv,,8452867.0,7640823.227731639,,,,7640823.227731639
2025-02-02,pop,839163353.0,,Naive,genre_naive_predictions_top10_test8.csv,,,,810348377.0,,,
2025-02-09,pop,902739739.0,,Naive,genre_naive_predictions_top10_test8.csv,,,,810348377.0,,,
2025-02-16,pop,930547641.0,,Naive,genre_naive_predictions_top10_test8.csv,,,,810348377.0,,,
2025-02-23,pop,932557785.0,,Naive,genre_naive_predictions_top10_test8.csv,,,,810348377.0,,,
2025-03-02,pop,1023973601.0,,Naive,genre_naive_predictions_top10_test8.csv,,,,810348377.0,,,
2025-03-09,pop,965155242.0,,Naive,genre_naive_predictions_top10_test8.csv,,,,810348377.0,,,
2025-03-16,pop,1045295348.0,,Naive,genre_naive_predictions_top10_test8.csv,,,,810348377.0,,,
2025-03-23,pop,811728572.0,,Naive,genre_naive_predictions_top10_test8.csv,,,,810348377.0,,,
2025-02-02,rap_hip_hop,392124803.0,,Naive,genre_naive_predictions_top10_test8.csv,,,,366786189.0,,,
2025-02-09,rap_hip_hop,391671514.0,,Naive,genre_naive_predictions_top10_test8.csv,,,,366786189.0,,,
2025-02-16,rap_hip_hop,592971788.0,,Naive,genre_naive_predictions_top10_test8.csv,,,,366786189.0,,,
2025-02-23,rap_hip_hop,597474438.0,,Naive,genre_naive_predictions_top10_test8.csv,,,,366786189.0,,,
2025-03-02,rap_hip_hop,492099395.0,,Naive,genre_naive_predictions_top10_test8.csv,,,,366786189.0,,,
2025-03-09,rap_hip_hop,460819589.0,,Naive,genre_naive_predictions_top10_test8.csv,,,,366786189.0,,,
2025-03-16,rap_hip_hop,419598308.0,,Naive,genre_naive_predictions_top10_test8.csv,,,,366786189.0,,,
2025-03-23,rap_hip_hop,830675096.0,,Naive,genre_naive_predictions_top10_test8.csv,,,,366786189.0,,,
2025-02-02,latin_music,527638223.0,,Naive,genre_naive_predictions_top10_test8.csv,,,,640816373.0,,,
2025-02-09,latin_music,434554307.0,,Naive,genre_naive_predictions_top10_test8.csv,,,,640816373.0,,,
2025-02-16,latin_music,375091925.0,,Naive,genre_naive_predictions_top10_test8.csv,,,,640816373.0,,,
2025-02-23,latin_music,314520022.0,,Naive,genre_naive_predictions_top10_test8.csv,,,,640816373.0,,,
2025-03-02,latin_music,319908640.0,,Naive,genre_naive_predictions_top10_test8.csv,,,,640816373.0,,,
2025-03-09,latin_music,294462802.0,,Naive,genre_naive_predictions_top10_test8.csv,,,,640816373.0,,,
2025-03-16,latin_music,271932720.0,,Naive,genre_naive_predictions_top10_test8.csv,,,,640816373.0,,,
2025-03-23,latin_music,265661047.0,,Naive,genre_naive_predictions_top10_test8.csv,,,,640816373.0,,,
2025-02-02,alternative,242992884.0,,Naive,genre_naive_predictions_top10_test8.csv,,,,246375378.0,,,
2025-02-09,alternative,241548965.0,,Naive,genre_naive_predictions_top10_test8.csv,,,,246375378.0,,,
2025-02-16,alternative,270811759.0,,Naive,genre_naive_predictions_top10_test8.csv,,,,246375378.0,,,
2025-02-23,alternative,201480414.0,,Naive,genre_naive_predictions_top10_test8.csv,,,,246375378.0,,,
2025-03-02,alternative,202963753.0,,Naive,genre_naive_predictions_top10_test8.csv,,,,246375378.0,,,
2025-03-09,alternative,201104417.0,,Naive,genre_naive_predictions_top10_test8.csv,,,,246375378.0,,,
2025-03-16,alternative,185708651.0,,Naive,genre_naive_predictions_top10_test8.csv,,,,246375378.0,,,
2025-03-23,alternative,179307566.0,,Naive,genre_naive_predictions_top10_test8.csv,,,,246375378.0,,,
2025-02-02,dance,73895169.0,,Naive,genre_naive_predictions_top10_test8.csv,,,,68130526.0,,,
2025-02-09,dance,67567749.0,,Naive,genre_naive_predictions_top10_test8.csv,,,,68130526.0,,,
2025-02-16,dance,53584826.0,,Naive,genre_naive_predictions_top10_test8.csv,,,,68130526.0,,,
2025-02-23,dance,52009357.0,,Naive,genre_naive_predictions_top10_test8.csv,,,,68130526.0,,,
2025-03-02,dance,61370405.0,,Naive,genre_naive_predictions_top10_test8.csv,,,,68130526.0,,,
2025-03-09,dance,70997042.0,,Naive,genre_naive_predictions_top10_test8.csv,,,,68130526.0,,,
2025-03-16,dance,103133928.0,,Naive,genre_naive_predictions_top10_test8.csv,,,,68130526.0,,,
2025-03-23,dance,103721286.0,,Naive,genre_naive_predictions_top10_test8.csv,,,,68130526.0,,,
2025-02-02,randb,147304978.0,,Naive,genre_naive_predictions_top10_test8.csv,,,,160061868.0,,,
2025-02-09,randb,366345792.0,,Naive,genre_naive_predictions_top10_test8.csv,,,,160061868.0,,,
2025-02-16,randb,238612125.0,,Naive,genre_naive_predictions_top10_test8.csv,,,,160061868.0,,,
2025-02-23,randb,310158051.0,,Naive,genre_naive_predictions_top10_test8.csv,,,,160061868.0,,,
2025-03-02,randb,181146139.0,,Naive,genre_naive_predictions_top10_test8.csv,,,,160061868.0,,,
2025-03-09,randb,164036196.0,,Naive,genre_naive_predictions_top10_test8.csv,,,,160061868.0,,,
2025-03-16,randb,122896645.0,,Naive,genre_naive_predictions_top10_test8.csv,,,,160061868.0,,,
2025-03-23,randb,125747454.0,,Naive,genre_naive_predictions_top10_test8.csv,,,,160061868.0,,,
2025-02-02,rock,102604350.0,,Naive,genre_naive_predictions_top10_test8.csv,,,,105746103.0,,,
2025-02-09,rock,104470098.0,,Naive,genre_naive_predictions_top10_test8.csv,,,,105746103.0,,,
2025-02-16,rock,101775038.0,,Naive,genre_naive_predictions_top10_test8.csv,,,,105746103.0,,,
2025-02-23,rock,98817705.0,,Naive,genre_naive_predictions_top10_test8.csv,,,,105746103.0,,,
2025-03-02,rock,106646020.0,,Naive,genre_naive_predictions_top10_test8.csv,,,,105746103.0,,,
2025-03-09,rock,111333828.0,,Naive,genre_naive_predictions_top10_test8.csv,,,,105746103.0,,,
2025-03-16,rock,104277841.0,,Naive,genre_naive_predictions_top10_test8.csv,,,,105746103.0,,,
2025-03-23,rock,99600259.0,,Naive,genre_naive_predictions_top10_test8.csv,,,,105746103.0,,,
2025-02-02,electro,19774890.0,,Naive,genre_naive_predictions_top10_test8.csv,,,,20123329.0,,,
2025-02-09,electro,32096448.0,,Naive,genre_naive_predictions_top10_test8.csv,,,,20123329.0,,,
2025-02-16,electro,30556991.0,,Naive,genre_naive_predictions_top10_test8.csv,,,,20123329.0,,,
2025-02-23,electro,21396864.0,,Naive,genre_naive_predictions_top10_test8.csv,,,,20123329.0,,,
2025-03-02,electro,22596028.0,,Naive,genre_naive_predictions_top10_test8.csv,,,,20123329.0,,,
2025-03-09,electro,30351141.0,,Naive,genre_naive_predictions_top10_test8.csv,,,,20123329.0,,,
2025-03-16,electro,30320381.0,,Naive,genre_naive_predictions_top10_test8.csv,,,,20123329.0,,,
2025-03-23,electro,21871437.0,,Naive,genre_naive_predictions_top10_test8.csv,,,,20123329.0,,,
2025-02-02,asian_music,50760259.0,,Naive,genre_naive_predictions_top10_test8.csv,,,,62957907.0,,,
2025-02-09,asian_music,65670670.0,,Naive,genre_naive_predictions_top10_test8.csv,,,,62957907.0,,,
2025-02-16,asian_music,94868686.0,,Naive,genre_naive_predictions_top10_test8.csv,,,,62957907.0,,,
2025-02-23,asian_music,70945347.0,,Naive,genre_naive_predictions_top10_test8.csv,,,,62957907.0,,,
2025-03-02,asian_music,88760003.0,,Naive,genre_naive_predictions_top10_test8.csv,,,,62957907.0,,,
2025-03-09,asian_music,88839054.0,,Naive,genre_naive_predictions_top10_test8.csv,,,,62957907.0,,,
2025-03-16,asian_music,135724982.0,,Naive,genre_naive_predictions_top10_test8.csv,,,,62957907.0,,,
2025-03-23,asian_music,92465965.0,,Naive,genre_naive_predictions_top10_test8.csv,,,,62957907.0,,,
2025-02-02,films_games,30560314.0,,Naive,genre_naive_predictions_top10_test8.csv,,,,32230705.0,,,
2025-02-09,films_games,31168567.0,,Naive,genre_naive_predictions_top10_test8.csv,,,,32230705.0,,,
2025-02-16,films_games,29757715.0,,Naive,genre_naive_predictions_top10_test8.csv,,,,32230705.0,,,
2025-02-23,films_games,27765356.0,,Naive,genre_naive_predictions_top10_test8.csv,,,,32230705.0,,,
2025-03-02,films_games,18347304.0,,Naive,genre_naive_predictions_top10_test8.csv,,,,32230705.0,,,
2025-03-09,films_games,17299035.0,,Naive,genre_naive_predictions_top10_test8.csv,,,,32230705.0,,,
2025-03-16,films_games,45797544.0,,Naive,genre_naive_predictions_top10_test8.csv,,,,32230705.0,,,
2025-03-23,films_games,45687985.0,,Naive,genre_naive_predictions_top10_test8.csv,,,,32230705.0,,,
2025-02-02,alternative,,,RandomForest,genre_RF_tscv_tuned_predictions_songs200_iter10.csv,,104301146.0,104375211.9958016,,,104375211.9958016,
2025-02-09,alternative,,,RandomForest,genre_RF_tscv_tuned_predictions_songs200_iter10.csv,,93950570.0,95523419.53285596,,,95523419.53285596,
2025-02-16,alternative,,,RandomForest,genre_RF_tscv_tuned_predictions_songs200_iter10.csv,,91833447.0,90826615.017055,,,90826615.017055,
2025-02-23,alternative,,,RandomForest,genre_RF_tscv_tuned_predictions_songs200_iter10.csv,,69990723.0,75527161.29060957,,,75527161.29060957,
2025-03-02,alternative,,,RandomForest,genre_RF_tscv_tuned_predictions_songs200_iter10.csv,,77480820.0,83286537.48121412,,,83286537.48121412,
2025-03-09,alternative,,,RandomForest,genre_RF_tscv_tuned_predictions_songs200_iter10.csv,,76404386.0,82827861.86324567,,,82827861.86324567,
2025-03-16,alternative,,,RandomForest,genre_RF_tscv_tuned_predictions_songs200_iter10.csv,,61190096.0,62214332.2742316,,,62214332.2742316,
2025-03-23,alternative,,,RandomForest,genre_RF_tscv_tuned_predictions_songs200_iter10.csv,,53662284.0,53414830.15705344,,,53414830.15705344,
2025-02-02,dance,,,RandomForest,genre_RF_tscv_tuned_predictions_songs200_iter10.csv,,32850007.0,32731290.61091948,,,32731290.61091948,
2025-02-09,dance,,,RandomForest,genre_RF_tscv_tuned_predictions_songs200_iter10.csv,,42611787.0,41540126.84281958,,,41540126.84281958,
2025-02-16,dance,,,RandomForest,genre_RF_tscv_tuned_predictions_songs200_iter10.csv,,30883898.0,32747817.422107093,,,32747817.422107093,
2025-02-23,dance,,,RandomForest,genre_RF_tscv_tuned_predictions_songs200_iter10.csv,,21487215.0,20908352.33962188,,,20908352.33962188,
2025-03-02,dance,,,RandomForest,genre_RF_tscv_tuned_predictions_songs200_iter10.csv,,29372402.0,30049026.159421675,,,30049026.159421675,
2025-03-09,dance,,,RandomForest,genre_RF_tscv_tuned_predictions_songs200_iter10.csv,,28348932.0,29959872.529026072,,,29959872.529026072,
2025-03-16,dance,,,RandomForest,genre_RF_tscv_tuned_predictions_songs200_iter10.csv,,29121394.0,26112036.658418067,,,26112036.658418067,
2025-03-23,dance,,,RandomForest,genre_RF_tscv_tuned_predictions_songs200_iter10.csv,,20005279.0,18030618.46831423,,,18030618.46831423,
2025-02-09,dubstep,,,RandomForest,genre_RF_tscv_tuned_predictions_songs200_iter10.csv,,10063691.0,9697358.448144255,,,9697358.448144255,
2025-02-16,dubstep,,,RandomForest,genre_RF_tscv_tuned_predictions_songs200_iter10.csv,,9175045.0,9770536.754211366,,,9770536.754211366,
2025-03-09,dubstep,,,RandomForest,genre_RF_tscv_tuned_predictions_songs200_iter10.csv,,8024969.0,9663494.15541437,,,9663494.15541437,
2025-03-16,dubstep,,,RandomForest,genre_RF_tscv_tuned_predictions_songs200_iter10.csv,,8452867.0,7553800.862874189,,,7553800.862874189,
2025-02-09,electro,,,RandomForest,genre_RF_tscv_tuned_predictions_songs200_iter10.csv,,10063691.0,9697358.448144255,,,9697358.448144255,
2025-02-16,electro,,,RandomForest,genre_RF_tscv_tuned_predictions_songs200_iter10.csv,,9175045.0,9770536.754211366,,,9770536.754211366,
2025-03-09,electro,,,RandomForest,genre_RF_tscv_tuned_predictions_songs200_iter10.csv,,8024969.0,9663494.15541437,,,9663494.15541437,
2025-03-16,electro,,,RandomForest,genre_RF_tscv_tuned_predictions_songs200_iter10.csv,,8452867.0,7553800.862874189,,,7553800.862874189,
2025-02-02,film_scores,,,RandomForest,genre_RF_tscv_tuned_predictions_songs200_iter10.csv,,18958475.0,19242840.32994949,,,19242840.32994949,
2025-02-09,film_scores,,,RandomForest,genre_RF_tscv_tuned_predictions_songs200_iter10.csv,,20725085.0,19416142.02329812,,,19416142.02329812,
2025-02-16,film_scores,,,RandomForest,genre_RF_tscv_tuned_predictions_songs200_iter10.csv,,20345487.0,19933611.31842936,,,19933611.31842936,
2025-02-23,film_scores,,,RandomForest,genre_RF_tscv_tuned_predictions_songs200_iter10.csv,,18953513.0,19708981.40756912,,,19708981.40756912,
2025-03-02,film_scores,,,RandomForest,genre_RF_tscv_tuned_predictions_songs200_iter10.csv,,18347304.0,19191512.112437878,,,19191512.112437878,
2025-03-09,film_scores,,,RandomForest,genre_RF_tscv_tuned_predictions_songs200_iter10.csv,,17299035.0,18528642.618698016,,,18528642.618698016,
2025-03-16,film_scores,,,RandomForest,genre_RF_tscv_tuned_predictions_songs200_iter10.csv,,17468653.0,16375069.048008451,,,16375069.048008451,
2025-03-23,film_scores,,,RandomForest,genre_RF_tscv_tuned_predictions_songs200_iter10.csv,,16794064.0,15465667.330008598,,,15465667.330008598,
2025-02-02,films_games,,,RandomForest,genre_RF_tscv_tuned_predictions_songs200_iter10.csv,,18958475.0,19242840.32994949,,,19242840.32994949,
2025-02-09,films_games,,,RandomForest,genre_RF_tscv_tuned_predictions_songs200_iter10.csv,,20725085.0,19416142.02329812,,,19416142.02329812,
2025-02-16,films_games,,,RandomForest,genre_RF_tscv_tuned_predictions_songs200_iter10.csv,,20345487.0,19933611.31842936,,,19933611.31842936,
2025-02-23,films_games,,,RandomForest,genre_RF_tscv_tuned_predictions_songs200_iter10.csv,,18953513.0,19708981.40756912,,,19708981.40756912,
2025-03-02,films_games,,,RandomForest,genre_RF_tscv_tuned_predictions_songs200_iter10.csv,,18347304.0,19191512.112437878,,,19191512.112437878,
2025-03-09,films_games,,,RandomForest,genre_RF_tscv_tuned_predictions_songs200_iter10.csv,,17299035.0,18528642.618698016,,,18528642.618698016,
2025-03-16,films_games,,,RandomForest,genre_RF_tscv_tuned_predictions_songs200_iter10.csv,,17468653.0,16375069.048008451,,,16375069.048008451,
2025-03-23,films_games,,,RandomForest,genre_RF_tscv_tuned_predictions_songs200_iter10.csv,,16794064.0,15465667.330008598,,,15465667.330008598,
2025-02-02,international_pop,,,RandomForest,genre_RF_tscv_tuned_predictions_songs200_iter10.csv,,19417090.0,19889721.50647209,,,19889721.50647209,
2025-02-09,international_pop,,,RandomForest,genre_RF_tscv_tuned_predictions_songs200_iter10.csv,,19883042.0,19820992.19768814,,,19820992.19768814,
2025-02-16,international_pop,,,RandomForest,genre_RF_tscv_tuned_predictions_songs200_iter10.csv,,19963158.0,19945692.20391708,,,19945692.20391708,
2025-02-23,international_pop,,,RandomForest,genre_RF_tscv_tuned_predictions_songs200_iter10.csv,,19644960.0,19926161.84868764,,,19926161.84868764,
2025-03-02,international_pop,,,RandomForest,genre_RF_tscv_tuned_predictions_songs200_iter10.csv,,19588907.0,20017913.413197108,,,20017913.413197108,
2025-03-09,international_pop,,,RandomForest,genre_RF_tscv_tuned_predictions_songs200_iter10.csv,,18499568.0,19447147.30015733,,,19447147.30015733,
2025-03-16,international_pop,,,RandomForest,genre_RF_tscv_tuned_predictions_songs200_iter10.csv,,19057629.0,19075621.83529553,,,19075621.83529553,
2025-03-23,international_pop,,,RandomForest,genre_RF_tscv_tuned_predictions_songs200_iter10.csv,,10281079.0,10265280.4398736,,,10265280.4398736,
2025-02-02,latin_music,,,RandomForest,genre_RF_tscv_tuned_predictions_songs200_iter10.csv,,8792649.0,9017778.429825723,,,9017778.429825723,
2025-02-02,pop,,,RandomForest,genre_RF_tscv_tuned_predictions_songs200_iter10.csv,,362146420.0,377792521.4564993,,,377792521.4564993,
2025-02-09,pop,,,RandomForest,genre_RF_tscv_tuned_predictions_songs200_iter10.csv,,382966452.0,376162286.3881552,,,376162286.3881552,
2025-02-16,pop,,,RandomForest,genre_RF_tscv_tuned_predictions_songs200_iter10.csv,,358488252.0,362924262.28163147,,,362924262.28163147,
2025-02-23,pop,,,RandomForest,genre_RF_tscv_tuned_predictions_songs200_iter10.csv,,307448033.0,311000304.9963628,,,311000304.9963628,
2025-03-02,pop,,,RandomForest,genre_RF_tscv_tuned_predictions_songs200_iter10.csv,,318602137.0,330645188.3551491,,,330645188.3551491,
2025-03-09,pop,,,RandomForest,genre_RF_tscv_tuned_predictions_songs200_iter10.csv,,337634476.0,359658565.45634973,,,359658565.45634973,
2025-03-16,pop,,,RandomForest,genre_RF_tscv_tuned_predictions_songs200_iter10.csv,,317578867.0,327048319.8389788,,,327048319.8389788,
2025-03-23,pop,,,RandomForest,genre_RF_tscv_tuned_predictions_songs200_iter10.csv,,284221436.0,293231381.54525715,,,293231381.54525715,
2025-02-02,randb,,,RandomForest,genre_RF_tscv_tuned_predictions_songs200_iter10.csv,,44204810.0,44813330.36154352,,,44813330.36154352,
2025-02-09,randb,,,RandomForest,genre_RF_tscv_tuned_predictions_songs200_iter10.csv,,57068069.0,54511442.20275216,,,54511442.20275216,
2025-02-16,randb,,,RandomForest,genre_RF_tscv_tuned_predictions_songs200_iter10.csv,,57588238.0,57007455.46475976,,,57007455.46475976,
2025-02-23,randb,,,RandomForest,genre_RF_tscv_tuned_predictions_songs200_iter10.csv,,44692234.0,47849902.208917856,,,47849902.208917856,
2025-03-02,randb,,,RandomForest,genre_RF_tscv_tuned_predictions_songs200_iter10.csv,,43212142.0,45623575.45400176,,,45623575.45400176,
2025-03-09,randb,,,RandomForest,genre_RF_tscv_tuned_predictions_songs200_iter10.csv,,48951050.0,54914318.18143774,,,54914318.18143774,
2025-03-16,randb,,,RandomForest,genre_RF_tscv_tuned_predictions_songs200_iter10.csv,,48653970.0,51395943.26768244,,,51395943.26768244,
2025-03-23,randb,,,RandomForest,genre_RF_tscv_tuned_predictions_songs200_iter10.csv,,38723789.0,42660399.32844128,,,42660399.32844128,
2025-02-02,rap_hip_hop,,,RandomForest,genre_RF_tscv_tuned_predictions_songs200_iter10.csv,,74968573.0,74661460.13650405,,,74661460.13650405,
2025-02-09,rap_hip_hop,,,RandomForest,genre_RF_tscv_tuned_predictions_songs200_iter10.csv,,74376712.0,67451059.95325793,,,67451059.95325793,
2025-02-16,rap_hip_hop,,,RandomForest,genre_RF_tscv_tuned_predictions_songs200_iter10.csv,,113104629.0,86230707.06507486,,,86230707.06507486,
2025-02-23,rap_hip_hop,,,RandomForest,genre_RF_tscv_tuned_predictions_songs200_iter10.csv,,110936447.0,79010337.36015779,,,79010337.36015779,
2025-03-02,rap_hip_hop,,,RandomForest,genre_RF_tscv_tuned_predictions_songs200_iter10.csv,,87672833.0,71606047.53621912,,,71606047.53621912,
2025-03-09,rap_hip_hop,,,RandomForest,genre_RF_tscv_tuned_predictions_songs200_iter10.csv,,85276118.0,79962282.57171777,,,79962282.57171777,
2025-03-16,rap_hip_hop,,,RandomForest,genre_RF_tscv_tuned_predictions_songs200_iter10.csv,,73030283.0,67113076.35675372,,,67113076.35675372,
2025-03-23,rap_hip_hop,,,RandomForest,genre_RF_tscv_tuned_predictions_songs200_iter10.csv,,60972474.0,59799618.50313343,,,59799618.50313343,
2025-02-02,rock,,,RandomForest,genre_RF_tscv_tuned_predictions_songs200_iter10.csv,,79421216.0,80649950.17195393,,,80649950.17195393,
2025-02-09,rock,,,RandomForest,genre_RF_tscv_tuned_predictions_songs200_iter10.csv,,81665741.0,79914121.05698729,,,79914121.05698729,
2025-02-16,rock,,,RandomForest,genre_RF_tscv_tuned_predictions_songs200_iter10.csv,,79591008.0,80954488.97700796,,,80954488.97700796,
2025-02-23,rock,,,RandomForest,genre_RF_tscv_tuned_predictions_songs200_iter10.csv,,76963322.0,78408260.7726304,,,78408260.7726304,
2025-03-02,rock,,,RandomForest,genre_RF_tscv_tuned_predictions_songs200_iter10.csv,,85624163.0,84577707.033575,,,84577707.033575,
2025-03-09,rock,,,RandomForest,genre_RF_tscv_tuned_predictions_songs200_iter10.csv,,82705887.0,83611853.35173044,,,83611853.35173044,
2025-03-16,rock,,,RandomForest,genre_RF_tscv_tuned_predictions_songs200_iter10.csv,,83531086.0,82518163.01950178,,,82518163.01950178,
2025-03-23,rock,,,RandomForest,genre_RF_tscv_tuned_predictions_songs200_iter10.csv,,66818135.0,66838686.62103769,,,66838686.62103769,
2025-02-02,singer_and_songwriter,,,RandomForest,genre_RF_tscv_tuned_predictions_songs200_iter10.csv,,10755451.0,10915938.951486398,,,10915938.951486398,
2025-02-09,singer_and_songwriter,,,RandomForest,genre_RF_tscv_tuned_predictions_songs200_iter10.csv,,10861421.0,10888016.024576455,,,10888016.024576455,
2025-02-16,singer_and_songwriter,,,RandomForest,genre_RF_tscv_tuned_predictions_songs200_iter10.csv,,10803987.0,10965858.66834865,,,10965858.66834865,
2025-02-23,singer_and_songwriter,,,RandomForest,genre_RF_tscv_tuned_predictions_songs200_iter10.csv,,10666345.0,10942432.987019148,,,10942432.987019148,
2025-03-02,singer_and_songwriter,,,RandomForest,genre_RF_tscv_tuned_predictions_songs200_iter10.csv,,10470139.0,10923436.767710326,,,10923436.767710326,
2025-03-09,singer_and_songwriter,,,RandomForest,genre_RF_tscv_tuned_predictions_songs200_iter10.csv,,10011191.0,10472734.907385768,,,10472734.907385768,
2025-03-16,singer_and_songwriter,,,RandomForest,genre_RF_tscv_tuned_predictions_songs200_iter10.csv,,10078343.0,10265280.4398736,,,10265280.4398736,
2025-03-23,singer_and_songwriter,,,RandomForest,genre_RF_tscv_tuned_predictions_songs200_iter10.csv,,10281079.0,10265280.4398736,,,10265280.4398736,
2025-02-09,techno_house,,,RandomForest,genre_RF_tscv_tuned_predictions_songs200_iter10.csv,,10063691.0,9697358.448144255,,,9697358.448144255,
2025-02-16,techno_house,,,RandomForest,genre_RF_tscv_tuned_predictions_songs200_iter10.csv,,9175045.0,9770536.754211366,,,9770536.754211366,
2025-03-09,techno_house,,,RandomForest,genre_RF_tscv_tuned_predictions_songs200_iter10.csv,,8024969.0,9663494.15541437,,,9663494.15541437,
2025-03-16,techno_house,,,RandomForest,genre_RF_tscv_tuned_predictions_songs200_iter10.csv,,8452867.0,7553800.862874189,,,7553800.862874189,
2025-02-02,pop,839163353.0,,SARIMA,genre_sarima_predictions_top10_test8.csv,,,,,837418365.4497747,,
2025-02-09,pop,902739739.0,,SARIMA,genre_sarima_predictions_top10_test8.csv,,,,,857508232.4439118,,
2025-02-16,pop,930547641.0,,SARIMA,genre_sarima_predictions_top10_test8.csv,,,,,899596250.000178,,
2025-02-23,pop,932557785.0,,SARIMA,genre_sarima_predictions_top10_test8.csv,,,,,923141226.8640548,,
2025-03-02,pop,1023973601.0,,SARIMA,genre_sarima_predictions_top10_test8.csv,,,,,927141446.2141984,,
2025-03-09,pop,965155242.0,,SARIMA,genre_sarima_predictions_top10_test8.csv,,,,,1010075993.3767064,,
2025-03-16,pop,1045295348.0,,SARIMA,genre_sarima_predictions_top10_test8.csv,,,,,1010534764.739738,,
2025-03-23,pop,811728572.0,,SARIMA,genre_sarima_predictions_top10_test8.csv,,,,,1012338497.1122756,,
2025-02-02,rap_hip_hop,392124803.0,,SARIMA,genre_sarima_predictions_top10_test8.csv,,,,,366403989.97753793,,
2025-02-09,rap_hip_hop,391671514.0,,SARIMA,genre_sarima_predictions_top10_test8.csv,,,,,381290792.8447381,,
2025-02-16,rap_hip_hop,592971788.0,,SARIMA,genre_sarima_predictions_top10_test8.csv,,,,,382734115.3155311,,
2025-02-23,rap_hip_hop,597474438.0,,SARIMA,genre_sarima_predictions_top10_test8.csv,,,,,502332851.7152701,,
2025-03-02,rap_hip_hop,492099395.0,,SARIMA,genre_sarima_predictions_top10_test8.csv,,,,,520685617.12866944,,
2025-03-09,rap_hip_hop,460819589.0,,SARIMA,genre_sarima_predictions_top10_test8.csv,,,,,469712997.30976784,,
2025-03-16,rap_hip_hop,419598308.0,,SARIMA,genre_sarima_predictions_top10_test8.csv,,,,,454526850.8455849,,
2025-03-23,rap_hip_hop,830675096.0,,SARIMA,genre_sarima_predictions_top10_test8.csv,,,,,430688269.8493218,,
2025-02-02,latin_music,527638223.0,,SARIMA,genre_sarima_predictions_top10_test8.csv,,,,,580316555.5621095,,
2025-02-09,latin_music,434554307.0,,SARIMA,genre_sarima_predictions_top10_test8.csv,,,,,481267913.0437533,,
2025-02-16,latin_music,375091925.0,,SARIMA,genre_sarima_predictions_top10_test8.csv,,,,,402385254.9851521,,
2025-02-23,latin_music,314520022.0,,SARIMA,genre_sarima_predictions_top10_test8.csv,,,,,352988960.15889734,,
2025-03-02,latin_music,319908640.0,,SARIMA,genre_sarima_predictions_top10_test8.csv,,,,,302561243.66982055,,
2025-03-09,latin_music,294462802.0,,SARIMA,genre_sarima_predictions_top10_test8.csv,,,,,307567030.5862683,,
2025-03-16,latin_music,271932720.0,,SARIMA,genre_sarima_predictions_top10_test8.csv,,,,,286545783.434119,,
2025-03-23,latin_music,265661047.0,,SARIMA,genre_sarima_predictions_top10_test8.csv,,,,,267826374.4993641,,
2025-02-02,alternative,242992884.0,,SARIMA,genre_sarima_predictions_top10_test8.csv,,,,,245489420.0083196,,
2025-02-09,alternative,241548965.0,,SARIMA,genre_sarima_predictions_top10_test8.csv,,,,,244985406.77031705,,
2025-02-16,alternative,270811759.0,,SARIMA,genre_sarima_predictions_top10_test8.csv,,,,,240509450.70418617,,
2025-02-23,alternative,201480414.0,,SARIMA,genre_sarima_predictions_top10_test8.csv,,,,,270296425.36043525,,
2025-03-02,alternative,202963753.0,,SARIMA,genre_sarima_predictions_top10_test8.csv,,,,,213444364.08499476,,
2025-03-09,alternative,201104417.0,,SARIMA,genre_sarima_predictions_top10_test8.csv,,,,,216978873.3996175,,
2025-03-16,alternative,185708651.0,,SARIMA,genre_sarima_predictions_top10_test8.csv,,,,,205447064.2306175,,
2025-03-23,alternative,179307566.0,,SARIMA,genre_sarima_predictions_top10_test8.csv,,,,,198803968.01146865,,
2025-02-02,dance,73895169.0,,SARIMA,genre_sarima_predictions_top10_test8.csv,,,,,68053099.73502152,,
2025-02-09,dance,67567749.0,,SARIMA,genre_sarima_predictions_top10_test8.csv,,,,,71363339.53356016,,
2025-02-16,dance,53584826.0,,SARIMA,genre_sarima_predictions_top10_test8.csv,,,,,65810398.78690697,,
2025-02-23,dance,52009357.0,,SARIMA,genre_sarima_predictions_top10_test8.csv,,,,,55424769.43231365,,
2025-03-02,dance,61370405.0,,SARIMA,genre_sarima_predictions_top10_test8.csv,,,,,54357713.16224872,,
2025-03-09,dance,70997042.0,,SARIMA,genre_sarima_predictions_top10_test8.csv,,,,,62055828.19472372,,
2025-03-16,dance,103133928.0,,SARIMA,genre_sarima_predictions_top10_test8.csv,,,,,68237880.54244898,,
2025-03-23,dance,103721286.0,,SARIMA,genre_sarima_predictions_top10_test8.csv,,,,,96792701.42229368,,
2025-02-02,randb,147304978.0,,SARIMA,genre_sarima_predictions_top10_test8.csv,,,,,153137967.34452036,,
2025-02-09,randb,366345792.0,,SARIMA,genre_sarima_predictions_top10_test8.csv,,,,,146745134.32686338,,
2025-02-16,randb,238612125.0,,SARIMA,genre_sarima_predictions_top10_test8.csv,,,,,285157455.9032972,,
2025-02-23,randb,310158051.0,,SARIMA,genre_sarima_predictions_top10_test8.csv,,,,,229220717.47337544,,
2025-03-02,randb,181146139.0,,SARIMA,genre_sarima_predictions_top10_test8.csv,,,,,279347414.6122372,,
2025-03-09,randb,164036196.0,,SARIMA,genre_sarima_predictions_top10_test8.csv,,,,,211514915.54077557,,
2025-03-16,randb,122896645.0,,SARIMA,genre_sarima_predictions_top10_test8.csv,,,,,189376354.2298595,,
2025-03-23,randb,125747454.0,,SARIMA,genre_sarima_predictions_top10_test8.csv,,,,,138202895.52201915,,
2025-02-02,rock,102604350.0,,SARIMA,genre_sarima_predictions_top10_test8.csv,,,,,114432329.83345813,,
2025-02-09,rock,104470098.0,,SARIMA,genre_sarima_predictions_top10_test8.csv,,,,,107701039.3802802,,
2025-02-16,rock,101775038.0,,SARIMA,genre_sarima_predictions_top10_test8.csv,,,,,106170969.43947126,,
2025-02-23,rock,98817705.0,,SARIMA,genre_sarima_predictions_top10_test8.csv,,,,,113372339.51031622,,
2025-03-02,rock,106646020.0,,SARIMA,genre_sarima_predictions_top10_test8.csv,,,,,112830699.69533326,,
2025-03-09,rock,111333828.0,,SARIMA,genre_sarima_predictions_top10_test8.csv,,,,,108100543.83722244,,
2025-03-16,rock,104277841.0,,SARIMA,genre_sarima_predictions_top10_test8.csv,,,,,115470678.51926091,,
2025-03-23,rock,99600259.0,,SARIMA,genre_sarima_predictions_top10_test8.csv,,,,,113102593.1294848,,
2025-02-02,electro,19774890.0,,SARIMA,genre_sarima_predictions_top10_test8.csv,,,,,20123329.0,,
2025-02-09,electro,32096448.0,,SARIMA,genre_sarima_predictions_top10_test8.csv,,,,,19774890.0,,
2025-02-16,electro,30556991.0,,SARIMA,genre_sarima_predictions_top10_test8.csv,,,,,32096448.0,,
2025-02-23,electro,21396864.0,,SARIMA,genre_sarima_predictions_top10_test8.csv,,,,,30556991.0,,
2025-03-02,electro,22596028.0,,SARIMA,genre_sarima_predictions_top10_test8.csv,,,,,21396864.0,,
2025-03-09,electro,30351141.0,,SARIMA,genre_sarima_predictions_top10_test8.csv,,,,,22596028.0,,
2025-03-16,electro,30320381.0,,SARIMA,genre_sarima_predictions_top10_test8.csv,,,,,30351141.0,,
2025-03-23,electro,21871437.0,,SARIMA,genre_sarima_predictions_top10_test8.csv,,,,,30320381.0,,
2025-02-02,asian_music,50760259.0,,SARIMA,genre_sarima_predictions_top10_test8.csv,,,,,68657586.3818282,,
2025-02-09,asian_music,65670670.0,,SARIMA,genre_sarima_predictions_top10_test8.csv,,,,,59230985.25630765,,
2025-02-16,asian_music,94868686.0,,SARIMA,genre_sarima_predictions_top10_test8.csv,,,,,69707367.06415406,,
2025-02-23,asian_music,70945347.0,,SARIMA,genre_sarima_predictions_top10_test8.csv,,,,,90716371.53360078,,
2025-03-02,asian_music,88760003.0,,SARIMA,genre_sarima_predictions_top10_test8.csv,,,,,73645963.76840045,,
2025-03-09,asian_music,88839054.0,,SARIMA,genre_sarima_predictions_top10_test8.csv,,,,,86357648.8683835,,
2025-03-16,asian_music,135724982.0,,SARIMA,genre_sarima_predictions_top10_test8.csv,,,,,86558700.2622429,,
2025-03-23,asian_music,92465965.0,,SARIMA,genre_sarima_predictions_top10_test8.csv,,,,,120627624.2913716,,
2025-02-02,films_games,30560314.0,,SARIMA,genre_sarima_predictions_top10_test8.csv,,,,,30230472.00802591,,
2025-02-09,films_games,31168567.0,,SARIMA,genre_sarima_predictions_top10_test8.csv,,,,,33851522.213388816,,
2025-02-16,films_games,29757715.0,,SARIMA,genre_sarima_predictions_top10_test8.csv,,,,,20016835.10357296,,
2025-02-23,films_games,27765356.0,,SARIMA,genre_sarima_predictions_top10_test8.csv,,,,,28788267.8517563,,
2025-03-02,films_games,18347304.0,,SARIMA,genre_sarima_predictions_top10_test8.csv,,,,,28466103.9622642,,
2025-03-09,films_games,17299035.0,,SARIMA,genre_sarima_predictions_top10_test8.csv,,,,,17287774.017543737,,
2025-03-16,films_games,45797544.0,,SARIMA,genre_sarima_predictions_top10_test8.csv,,,,,16236053.208656613,,
2025-03-23,films_games,45687985.0,,SARIMA,genre_sarima_predictions_top10_test8.csv,,,,,42860219.942415774,,
